﻿<?xml version="1.0" encoding="utf-8" ?>
<c2eventsheet>
    <!--All the 'name' attributes are ignored by Construct 2 - they are there for readability only.-->
    <name>Event sheet 1</name>
    <events>
        <variable constant="0" name="up1_level" sid="258462050136146" static="0" type="number">0</variable>
        <variable constant="0" name="up1_cost" sid="235915655682225" static="0" type="number">10</variable>
        <variable constant="0" name="prirost" sid="516967234521169" static="0" type="number">0</variable>
        <variable constant="0" name="click" sid="105660349402706" static="0" type="number">1</variable>
        <variable constant="0" name="money" sid="367156564013399" static="0" type="number">0</variable>
        <event-block sid="441814936915296">
            <conditions>
                <condition id="-18" name="On created" sid="112385506275442" type="барилла" />
            </conditions>
            <actions>
                <action id="-8" name="Set angle" sid="569233925322956" type="барилла">
                    <param id="0" name="Angle">random(360)</param>
                </action>
            </actions>
        </event-block>
        <event-block sid="898483690358770">
            <conditions>
                <condition id="-6" name="Every X seconds" sid="381988182103877" type="System">
                    <param id="0" name="Interval (seconds)">1.0</param>
                </condition>
            </conditions>
            <actions>
                <action id="-10" name="Add to" sid="727528726320094" type="System">
                    <param id="0" name="Variable">money</param>
                    <param id="1" name="Value">prirost</param>
                </action>
            </actions>
        </event-block>
        <event-block sid="253582872469324">
            <conditions>
                <condition id="6" name="On object clicked" sid="526932872118898" type="Mouse">
                    <param id="0" name="Mouse button">0</param>
                    <param id="1" name="Click type">0</param>
                    <param id="2" name="Object clicked">кнопка</param>
                </condition>
            </conditions>
            <actions>
                <action id="-3" name="Create object" sid="249064632088982" type="System">
                    <param id="0" name="Object to create">барилла</param>
                    <param id="1" name="Layer">&quot;main&quot;</param>
                    <param id="2" name="X">576</param>
                    <param id="3" name="Y">-64</param>
                </action>
            </actions>
        </event-block>
        <event-block sid="675712676936154">
            <conditions>
                <condition id="-4" name="Is outside layout" sid="328316884799140" type="барилла" />
            </conditions>
            <actions />
            <sub-events>
                <event-block sid="810062399437957">
                    <conditions>
                        <condition id="-2" name="Compare Y" sid="874452863099999" type="барилла">
                            <param id="0" name="Comparison">4</param>
                            <param id="1" name="Y co-ordinate">720</param>
                        </condition>
                    </conditions>
                    <actions>
                        <action id="-10" name="Add to" sid="484407568602848" type="System">
                            <param id="0" name="Variable">money</param>
                            <param id="1" name="Value">click</param>
                        </action>
                        <action id="-9" name="Destroy" sid="452372283774748" type="барилла" />
                    </actions>
                </event-block>
            </sub-events>
        </event-block>
        <event-block sid="202277088537914">
            <conditions>
                <condition id="-1" name="Every tick" sid="465628130183486" type="System" />
            </conditions>
            <actions>
                <action id="0" name="Set text" sid="318120648687076" type="money_text">
                    <param id="0" name="Text">money</param>
                </action>
                <action id="0" name="Set text" sid="142155978828225" type="up1_info2">
                    <param id="0" name="Text">&quot;Уровень &quot; &amp; up1_level &amp; newline &amp; &quot;Цена &quot; &amp; up1_cost</param>
                </action>
            </actions>
        </event-block>
        <event-block sid="284813162266760">
            <conditions>
                <condition id="6" name="On object clicked" sid="921551993134936" type="Mouse">
                    <param id="0" name="Mouse button">0</param>
                    <param id="1" name="Click type">0</param>
                    <param id="2" name="Object clicked">up1_but</param>
                </condition>
            </conditions>
            <actions />
            <sub-events>
                <event-block sid="974314237567119">
                    <conditions>
                        <condition id="-14" name="Compare variable" sid="320059513042688" type="System">
                            <param id="0" name="Variable">money</param>
                            <param id="1" name="Comparison">5</param>
                            <param id="2" name="Value">up1_cost</param>
                        </condition>
                    </conditions>
                    <actions>
                        <action id="-11" name="Subtract from" sid="756464460467625" type="System">
                            <param id="0" name="Variable">money</param>
                            <param id="1" name="Value">up1_cost</param>
                        </action>
                        <action id="-10" name="Add to" sid="439250783688966" type="System">
                            <param id="0" name="Variable">up1_level</param>
                            <param id="1" name="Value">1</param>
                        </action>
                        <action id="-9" name="Set value" sid="228463142702584" type="System">
                            <param id="0" name="Variable">up1_cost</param>
                            <param id="1" name="Value">up1_cost * 2</param>
                        </action>
                        <action id="-9" name="Set value" sid="993420234696113" type="System">
                            <param id="0" name="Variable">click</param>
                            <param id="1" name="Value">click*1.1</param>
                        </action>
                    </actions>
                </event-block>
            </sub-events>
        </event-block>
        <event-block any="1" sid="878714901507314">
            <conditions>
                <condition id="-8" name="Compare two values" sid="325175309962172" type="System">
                    <param id="0" name="First value">money</param>
                    <param id="1" name="Comparison">5</param>
                    <param id="2" name="Second value">up1_cost</param>
                </condition>
            </conditions>
            <actions>
                <action id="5" name="Set frame" sid="961531542937831" type="up1_but">
                    <param id="0" name="Frame number">0</param>
                </action>
            </actions>
        </event-block>
        <event-block sid="688496619202171">
            <conditions>
                <condition id="-22" name="Else" sid="175013621738121" type="System" />
            </conditions>
            <actions>
                <action id="5" name="Set frame" sid="648152784910985" type="up1_but">
                    <param id="0" name="Frame number">2</param>
                </action>
            </actions>
        </event-block>
        <event-block sid="657031658857577">
            <conditions>
                <condition id="7" name="Cursor is over object" sid="816130858599911" type="Mouse">
                    <param id="0" name="Object">up1_but</param>
                </condition>
            </conditions>
            <actions />
            <sub-events>
                <event-block sid="400458751576269">
                    <conditions>
                        <condition id="-14" name="Compare variable" sid="365670042687088" type="System">
                            <param id="0" name="Variable">money</param>
                            <param id="1" name="Comparison">5</param>
                            <param id="2" name="Value">up1_cost</param>
                        </condition>
                    </conditions>
                    <actions>
                        <action id="5" name="Set frame" sid="276650392712067" type="up1_but">
                            <param id="0" name="Frame number">1</param>
                        </action>
                    </actions>
                </event-block>
            </sub-events>
        </event-block>
    </events>
</c2eventsheet>
